health_medicine/allergy/
health_medicine/alternative_medicine/
health_medicine/birth_control/
health_medicine/cancer/
health_medicine/diabetes/
health_medicine/diseases_and_conditions/
health_medicine/heart_disease/
health_medicine/hiv_and_aids/
health_medicine/obesity/
health_medicine/stem_cells/
health_medicine/
mind_brain/add_and_adhd/
mind_brain/addiction/
mind_brain/alzheimer's/
mind_brain/autism/
mind_brain/depression/
mind_brain/headaches/
mind_brain/intelligence/
mind_brain/psychology/
mind_brain/relationships/
mind_brain/schizophrenia/
mind_brain/
mind_brain/parenting/
health_medicine/pregnancy_and_childbirth/
health_medicine/sexual_health/
health_medicine/skin_care/
health_medicine/men's_health/
health_medicine/women's_health/
health_medicine/nutrition/
health_medicine/diet_and_weight_loss/
health_medicine/fitness/
health_medicine/healthy_aging/
living_well/
matter_energy/aviation/
matter_energy/chemistry/
matter_energy/electronics/
matter_energy/fossil_fuels/
matter_energy/nanotechnology/
matter_energy/physics/
matter_energy/quantum_physics/
matter_energy/solar_energy/
matter_energy/technology/
matter_energy/wind_energy/
matter_energy/
space_time/astronomy/
space_time/black_holes/
space_time/dark_matter/
space_time/extrasolar_planets/
space_time/mars/
space_time/moon/
space_time/solar_system/
space_time/space_telescopes/
space_time/stars/
space_time/sun/
space_time/
computers_math/artificial_intelligence/
computers_math/communications/
computers_math/computer_science/
computers_math/hacking/
computers_math/mathematics/
computers_math/quantum_computers/
computers_math/robotics/
computers_math/software/
computers_math/video_games/
computers_math/virtual_reality/
computers_math/
plants_animals/agriculture_and_food/
plants_animals/animals/
plants_animals/biology/
plants_animals/biotechnology/
plants_animals/endangered_animals/
plants_animals/extinction/
plants_animals/genetically_modified/
plants_animals/microbes_and_more/
plants_animals/new_species/
plants_animals/zoology/
plants_animals/
earth_climate/climate/
earth_climate/earthquakes/
earth_climate/environmental_science/
earth_climate/geography/
earth_climate/geology/
earth_climate/global_warming/
earth_climate/hurricanes_and_cyclones/
earth_climate/ozone_holes/
earth_climate/pollution/
earth_climate/weather/
earth_climate/
fossils_ruins/ancient_civilizations/
fossils_ruins/anthropology/
fossils_ruins/archaeology/
fossils_ruins/dinosaurs/
fossils_ruins/early_humans/
fossils_ruins/early_mammals/
fossils_ruins/evolution/
fossils_ruins/lost_treasures/
fossils_ruins/origin_of_life/
fossils_ruins/paleontology/
fossils_ruins/
science_society/arts_and_culture/
science_society/consumerism/
science_society/economics/
science_society/political_science/
science_society/privacy_issues/
science_society/public_health/
science_society/racial_disparity/
science_society/religion/
science_society/sports/
science_society/world_development/
science_society/
plants_animals/biotechnology_and_bioengineering/
computers_math/computers_and_internet/
matter_energy/energy_and_resources/
matter_energy/engineering/
matter_energy/medical_technology/
health_medicine/pharmaceuticals/
matter_energy/automotive_and_transportation/
business_industry/
plants_animals/animal_learning_and_intelligence/
mind_brain/creativity/
mind_brain/educational_psychology/
computers_math/educational_technology/
mind_brain/infant_and_preschool_learning/
mind_brain/learning_disorders/
science_society/stem_education/
education_learning/